{
  "Author": "Luis",
  "Name": "ParseLord2",
  "InternalName": "ParseLord2",
  "AssemblyVersion": "1.0.3.3",
  "Description": "Custom combos and auto-rotation with deep preset control and per-job settings.",
  "ApplicableVersion": "any",
  "RepoUrl": "https://github.com/PunishXIV/ParseLord2",
  "Tags": [
    "combo",
    "parselord2",
    "auto",
    "autorotation",
    "rotation",
    "pve",
    "pvp"
  ],
  "DalamudApiLevel": 14,
  "LoadRequiredState": 0,
  "LoadSync": false,
  "CanUnloadAsync": false,
  "LoadPriority": 0,
  "IconUrl": "https://s3.puni.sh/media/plugin/60/icon-2bwhkn3zf1f.png",
  "Punchline": "Custom combos + auto-rotation with deep preset control.",
  "Changelog": "Please check the project's GitHub or Discord for a full changelog.",
  "AcceptsFeedback": true
}